{
  "id": "tidy-ui_game-settings",
  "title": "Tidy UI - Game Settings",
  "description": "User Interface Improvements for the Game Settings Window",
  "version": "0.0.71",
  "authors": [
    {
      "name": "digennarot",
      "url": "https://github.com/digennarot"
    }
  ],
  "compatibility": {
    "minimum": "13",
    "verified": "13"
  },
  "relationships": {
    "requires": [],
    "conflicts": [],
    "recommends": []
  },
  "styles": [
    "src/styles/tidy-ui_game-settings.css"
  ],
  "esmodules": [
    "src/tidy-ui_game-settings.js"
  ],
  "languages": [
    {
      "lang": "en",
      "name": "English",
      "path": "langs/en.json"
    },
    {
      "lang": "de",
      "name": "Deutsch",
      "path": "langs/de.json"
    },
    {
      "lang": "es",
      "name": "Español",
      "path": "langs/es.json"
    },
    {
      "lang": "zh-tw",
      "name": "正體中文",
      "path": "langs/zh-tw.json"
    },
    {
      "lang": "ja",
      "name": "日本語",
      "path": "langs/ja.json"
    },
    {
      "lang": "it",
      "name": "Italiano",
      "path": "langs/it.json"
    }
  ],
  "url": "https://github.com/digennarot/tidy-ui_game-settings",
  "manifest": "https://raw.githubusercontent.com/digennarot/tidy-ui_game-settings/master/module.json",
  "download": "https://github.com/digennarot/tidy-ui_game-settings/raw/master/tidy-ui_game-settings.zip",
  "bugs": "https://github.com/digennarot/tidy-ui_game-settings/issues",
  "changelog": "https://github.com/digennarot/tidy-ui_game-settings/blob/master/CHANGELOG.md"
}
