{
  "id": "tidy-ui_game-settings",
  "name": "tidy-ui_game-settings",
  "title": "Tidy UI - Game Settings",
  "description": "User Interface Improvements for the Game Settings Window",
  "authors": [{ "name": "digennarot" }],
  "version": "0.1.60",
  "minimumCoreVersion": "12",
  "compatibleCoreVersion": "12",
  "compatibility": {
    "minimum": "11",
    "verified": "13",
    "maximum": "13"
  },
  "styles": ["./styles/tidy-ui_game-settings.css"],
  "scripts": [
    "tidy-ui_game-settings.js"
  ],
  "languages": [
    {
      "lang": "en",
      "name": "English",
      "path": "langs/en.json"
    },
    {
      "lang": "de",
      "name": "Deutsch",
      "path": "langs/de.json"
    },
    {
      "lang": "es",
      "name": "Español",
      "path": "langs/es.json"
    },
    {
      "lang": "zh-tw",
      "name": "正體中文",
      "path": "langs/zh-tw.json"
    },
    {
      "lang": "ja",
      "name": "日本語",
      "path": "langs/ja.json"
    }
  ],
  "url": "https://github.com/digennarot/tidy-ui_game-settings",
  "manifest": "https://raw.githubusercontent.com/digennarot/tidy-ui_game-settings/master/module.json",
  "download": "https://github.com/digennarot/tidy-ui_game-settings/raw/master/tidy-ui_game-settings.zip"
}
